{"cameraMode":{"drawMode":0,"name":"Shaded","section":"Shading Mode"},"sceneLighting":true,"audioPlay":false,"sceneViewState":{"showFog":true,"showMaterialUpdate":false,"showSkybox":true,"showFlares":true,"showImageEffects":true,"showParticleSystems":true},"in2DMode":false,"pivot":{"x":-0.0004473896697163582,"y":0.477766752243042,"z":0.038793109357357028},"rotation":{"x":0.0034662745893001558,"y":-0.9783345460891724,"z":0.20637589693069459,"w":0.01643425226211548},"size":10.943220138549805,"orthographic":false}