{"cameraMode":{"drawMode":0,"name":"Shaded","section":"Shading Mode"},"sceneLighting":true,"audioPlay":false,"sceneViewState":{"showFog":true,"showMaterialUpdate":false,"showSkybox":true,"showFlares":true,"showImageEffects":true,"showParticleSystems":true,"showVisualEffectGraphs":true,"m_FxEnabled":true},"in2DMode":false,"pivot":{"x":21.043163299560548,"y":-3.652665615081787,"z":9.962178230285645},"rotation":{"x":-0.010808533988893032,"y":0.012596430256962777,"z":-0.0001358491281280294,"w":-0.9998683929443359},"size":7.675727844238281,"orthographic":false}